{"cameraMode":{"drawMode":0,"name":"Shaded","section":"Shading Mode"},"sceneLighting":true,"audioPlay":false,"sceneViewState":{"m_AlwaysRefresh":false,"showFog":true,"showSkybox":true,"showFlares":true,"showImageEffects":true,"showParticleSystems":true,"showVisualEffectGraphs":true,"m_FxEnabled":true},"in2DMode":false,"pivot":{"x":3.4962010383605959,"y":0.1383664608001709,"z":-2.9588236808776857},"rotation":{"x":0.09645135700702667,"y":-0.8543580770492554,"z":0.18701906502246858,"w":0.4751787483692169},"size":1.6140981912612916,"orthographic":false}