{"cameraMode":{"drawMode":0,"name":"Shaded","section":"Shading Mode"},"sceneLighting":true,"audioPlay":false,"sceneViewState":{"m_AlwaysRefresh":false,"showFog":true,"showSkybox":true,"showFlares":true,"showImageEffects":true,"showParticleSystems":true,"showVisualEffectGraphs":true,"m_FxEnabled":true},"in2DMode":false,"pivot":{"x":659.7958984375,"y":254.65296936035157,"z":12.477020263671875},"rotation":{"x":0.018307730555534364,"y":0.010493021458387375,"z":-0.0001922979427035898,"w":0.9997767806053162},"size":359.0964050292969,"orthographic":false}