{"cameraMode":{"drawMode":0,"name":"Shaded","section":"Shading Mode"},"sceneLighting":true,"audioPlay":false,"sceneViewState":{"m_AlwaysRefresh":false,"showFog":true,"showSkybox":true,"showFlares":true,"showImageEffects":true,"showParticleSystems":true,"showVisualEffectGraphs":true,"m_FxEnabled":true},"in2DMode":false,"pivot":{"x":-2.6345438957214357,"y":3.0402166843414308,"z":4.295888900756836},"rotation":{"x":0.17022070288658143,"y":0.22655998170375825,"z":-0.04023337364196777,"w":0.9581934809684753},"size":1.810837984085083,"orthographic":false}