{"cameraMode":{"drawMode":0,"name":"Shaded","section":"Shading Mode"},"sceneLighting":true,"audioPlay":false,"sceneViewState":{"m_AlwaysRefresh":false,"showFog":true,"showSkybox":true,"showFlares":true,"showImageEffects":true,"showParticleSystems":true,"showVisualEffectGraphs":true,"m_FxEnabled":true},"in2DMode":false,"pivot":{"x":3.205003261566162,"y":0.5336530804634094,"z":1.5128180980682374},"rotation":{"x":0.10016005486249924,"y":0.1945205181837082,"z":-0.019973771646618844,"w":0.975577175617218},"size":3.532397747039795,"orthographic":false}