{"cameraMode":{"drawMode":0,"name":"Shaded","section":"Shading Mode"},"sceneLighting":true,"audioPlay":false,"sceneViewState":{"m_AlwaysRefresh":false,"showFog":true,"showSkybox":true,"showFlares":true,"showImageEffects":true,"showParticleSystems":true,"showVisualEffectGraphs":true,"m_FxEnabled":true},"in2DMode":false,"pivot":{"x":-0.5564649105072022,"y":0.3620924949645996,"z":-0.3731498718261719},"rotation":{"x":-0.16846880316734315,"y":-0.15074773132801057,"z":0.02607719600200653,"w":-0.9737755060195923},"size":1.9801186323165894,"orthographic":false}