{"cameraMode":{"drawMode":0,"name":"Shaded","section":"Shading Mode"},"sceneLighting":true,"audioPlay":false,"sceneViewState":{"m_AlwaysRefresh":false,"showFog":true,"showSkybox":true,"showFlares":true,"showImageEffects":true,"showParticleSystems":true,"showVisualEffectGraphs":true,"m_FxEnabled":true},"in2DMode":false,"pivot":{"x":1.6124780178070069,"y":-0.07140064239501953,"z":-2.65739107131958},"rotation":{"x":-0.0011100710835307837,"y":0.9880164861679077,"z":-0.1541881412267685,"w":-0.0071127330884337429},"size":13.626019477844239,"orthographic":false}