{"cameraMode":{"drawMode":0,"name":"Shaded","section":"Shading Mode"},"sceneLighting":true,"audioPlay":false,"sceneViewState":{"m_AlwaysRefresh":false,"showFog":true,"showSkybox":true,"showFlares":true,"showImageEffects":true,"showParticleSystems":true,"showVisualEffectGraphs":true,"m_FxEnabled":true},"in2DMode":false,"pivot":{"x":-0.344903826713562,"y":-6.03911018371582,"z":-7.663677215576172},"rotation":{"x":0.0027660210616886617,"y":0.9743176698684692,"z":-0.22485388815402986,"w":0.011985897086560727},"size":16.553281784057618,"orthographic":false}