{"cameraMode":{"drawMode":0,"name":"Shaded","section":"Shading Mode"},"sceneLighting":true,"audioPlay":false,"sceneViewState":{"m_AlwaysRefresh":false,"showFog":true,"showSkybox":true,"showFlares":true,"showImageEffects":true,"showParticleSystems":true,"showVisualEffectGraphs":true,"m_FxEnabled":true},"in2DMode":false,"pivot":{"x":-5.477519989013672,"y":1.6577460765838624,"z":-0.3787195682525635},"rotation":{"x":-0.07476099580526352,"y":0.20698508620262147,"z":-0.015866203233599664,"w":-0.9753601551055908},"size":2.7300662994384767,"orthographic":false}