{"cameraMode":{"drawMode":0,"name":"Shaded","section":"Shading Mode"},"sceneLighting":true,"audioPlay":false,"sceneViewState":{"m_AlwaysRefresh":false,"showFog":true,"showSkybox":true,"showFlares":true,"showImageEffects":true,"showParticleSystems":true,"showVisualEffectGraphs":true,"m_FxEnabled":true},"in2DMode":false,"pivot":{"x":78.17379760742188,"y":88.03297424316406,"z":67.96009826660156},"rotation":{"x":0.019497519358992578,"y":0.011109594255685807,"z":0.00021506355551537126,"w":-0.999755322933197},"size":260.2939453125,"orthographic":false}